ip,title,country,city,host,port,protocol,domain,link,as_organization
154.92.10.65,,CN,,154.92.10.65,80,http,,http://154.92.10.65,PT. Graha Fatta
103.73.160.253,,CN,,103.73.160.253,80,http,,http://103.73.160.253,"High Family Technology Co., Limited"
47.243.179.249,,CN,Central,47.243.179.249,80,http,,http://47.243.179.249,"Alibaba US Technology Co., Ltd."
154.92.9.237,,CN,,154.92.9.237,80,http,,http://154.92.9.237,MULTA-ASN1
154.92.9.173,,CN,,154.92.9.173,80,http,,http://154.92.9.173,MULTA-ASN1
43.129.175.230,,CN,Central,43.129.175.230,80,http,,http://43.129.175.230,"Tencent Building, Kejizhongyi Avenue"
43.129.175.36,,CN,Central,43.129.175.36,80,http,,http://43.129.175.36,"Tencent Building, Kejizhongyi Avenue"
43.154.163.154,,CN,Central,43.154.163.154,80,http,,http://43.154.163.154,"Tencent Building, Kejizhongyi Avenue"
154.92.9.20,,CN,,154.92.9.20,80,http,,http://154.92.9.20,MULTA-ASN1
154.92.9.21,,CN,,154.92.9.21,80,http,,http://154.92.9.21,MULTA-ASN1
34.150.72.12,,CN,Central,34.150.72.12,80,http,,http://34.150.72.12,GOOGLE-CLOUD-PLATFORM
154.92.9.93,,CN,,154.92.9.93,80,http,,http://154.92.9.93,MULTA-ASN1
154.92.9.25,,CN,,154.92.9.25,80,http,,http://154.92.9.25,MULTA-ASN1
154.92.9.24,,CN,,154.92.9.24,80,http,,http://154.92.9.24,MULTA-ASN1
154.92.9.14,,CN,,154.92.9.14,80,http,,http://154.92.9.14,MULTA-ASN1
154.92.9.27,,CN,,154.92.9.27,80,http,,http://154.92.9.27,MULTA-ASN1
154.92.9.17,,CN,,154.92.9.17,80,http,,http://154.92.9.17,MULTA-ASN1
154.92.9.9,,CN,,154.92.9.9,80,http,,http://154.92.9.9,MULTA-ASN1
8.218.110.180,,CN,Central,8.218.110.180,80,http,,http://8.218.110.180,"Alibaba US Technology Co., Ltd."
154.92.9.7,,CN,,154.92.9.7,80,http,,http://154.92.9.7,MULTA-ASN1
154.92.9.5,,CN,,154.92.9.5,80,http,,http://154.92.9.5,MULTA-ASN1
43.154.64.132,,CN,Central,43.154.64.132,80,http,,http://43.154.64.132,"Tencent Building, Kejizhongyi Avenue"
202.81.231.150,,CN,,202.81.231.150,80,http,,http://202.81.231.150,2012 Limited Netfront
154.92.9.12,,CN,,154.92.9.12,80,http,,http://154.92.9.12,MULTA-ASN1
152.32.211.127,,CN,Central,152.32.211.127,80,http,,http://152.32.211.127,UCLOUD INFORMATION TECHNOLOGY HK LIMITED
154.92.9.68,,CN,,154.92.9.68,80,http,,http://154.92.9.68,MULTA-ASN1
154.92.9.89,,CN,,154.92.9.89,80,http,,http://154.92.9.89,MULTA-ASN1
154.92.9.50,,CN,,154.92.9.50,80,http,,http://154.92.9.50,MULTA-ASN1
163.53.18.167,,CN,,163.53.18.167,80,http,,http://163.53.18.167,Akari Networks
154.92.9.132,,CN,,154.92.9.132,80,http,,http://154.92.9.132,MULTA-ASN1
154.92.9.196,,CN,,154.92.9.196,80,http,,http://154.92.9.196,MULTA-ASN1
154.92.9.220,,CN,,154.92.9.220,80,http,,http://154.92.9.220,MULTA-ASN1
154.92.9.192,,CN,,154.92.9.192,80,http,,http://154.92.9.192,MULTA-ASN1
154.92.9.249,,CN,,154.92.9.249,80,http,,http://154.92.9.249,MULTA-ASN1
154.92.9.188,,CN,,154.92.9.188,80,http,,http://154.92.9.188,MULTA-ASN1
154.92.9.38,,CN,,154.92.9.38,80,http,,http://154.92.9.38,MULTA-ASN1
154.92.9.248,,CN,,154.92.9.248,80,http,,http://154.92.9.248,MULTA-ASN1
154.92.9.244,,CN,,154.92.9.244,80,http,,http://154.92.9.244,MULTA-ASN1
154.92.9.95,,CN,,154.92.9.95,80,http,,http://154.92.9.95,MULTA-ASN1
154.92.9.172,,CN,,154.92.9.172,80,http,,http://154.92.9.172,MULTA-ASN1
154.92.9.204,,CN,,154.92.9.204,80,http,,http://154.92.9.204,MULTA-ASN1
154.92.9.167,,CN,,154.92.9.167,80,http,,http://154.92.9.167,MULTA-ASN1
154.92.9.194,,CN,,154.92.9.194,80,http,,http://154.92.9.194,MULTA-ASN1
154.92.9.165,,CN,,154.92.9.165,80,http,,http://154.92.9.165,MULTA-ASN1
154.92.9.209,,CN,,154.92.9.209,80,http,,http://154.92.9.209,MULTA-ASN1
154.92.9.222,,CN,,154.92.9.222,80,http,,http://154.92.9.222,MULTA-ASN1
154.92.9.130,,CN,,154.92.9.130,80,http,,http://154.92.9.130,MULTA-ASN1
154.92.9.195,,CN,,154.92.9.195,80,http,,http://154.92.9.195,MULTA-ASN1
154.92.9.199,,CN,,154.92.9.199,80,http,,http://154.92.9.199,MULTA-ASN1
154.92.9.239,,CN,,154.92.9.239,80,http,,http://154.92.9.239,MULTA-ASN1
154.92.9.107,,CN,,154.92.9.107,80,http,,http://154.92.9.107,MULTA-ASN1
154.92.9.154,,CN,,154.92.9.154,80,http,,http://154.92.9.154,MULTA-ASN1
96.17.70.34,403 Forbidden,CN,Central,preprod-iforium.sportpesa.com,80,http,sportpesa.com,http://preprod-iforium.sportpesa.com,Akamai International B.V.
154.92.9.202,,CN,,154.92.9.202,80,http,,http://154.92.9.202,MULTA-ASN1
154.92.9.207,,CN,,154.92.9.207,80,http,,http://154.92.9.207,MULTA-ASN1
104.91.68.42,403 Forbidden,CN,Tseung Kwan O,cdn-dev-update.securebrowser.com,80,http,securebrowser.com,http://cdn-dev-update.securebrowser.com,Akamai International B.V.
47.57.11.215,Edge IP Restricted | cname.cnncn.cf | Cloudflare,CN,Central,cname.cnncn.cf,80,http,cnncn.cf,http://cname.cnncn.cf,"Alibaba US Technology Co., Ltd."
43.132.151.157,,CN,Central,43.132.151.157,80,http,,http://43.132.151.157,"Tencent Building, Kejizhongyi Avenue"
154.92.9.189,,CN,,154.92.9.189,80,http,,http://154.92.9.189,MULTA-ASN1
124.156.160.231,,CN,Central,124.156.160.231,80,http,,http://124.156.160.231,"Tencent Building, Kejizhongyi Avenue"
154.92.9.250,,CN,,154.92.9.250,80,http,,http://154.92.9.250,MULTA-ASN1
223.119.50.144,,CN,Central,z2.meetycdn.com,80,http,meetycdn.com,http://z2.meetycdn.com,"Level 30, Tower 1"
184.85.125.167,,CN,Kowloon,fonts.sony.net,80,http,sony.net,http://fonts.sony.net,Akamai International B.V.
8.212.41.98,DNS points to prohibited IP | cn.king361.link | Cloudflare,CN,Central,cn.king361.link,80,http,king361.link,http://cn.king361.link,"Alibaba US Technology Co., Ltd."
16.163.155.152,,CN,,16.163.155.152,80,http,,http://16.163.155.152,AMAZON-02
47.56.144.190,,CN,Central,47.56.144.190,80,http,,http://47.56.144.190,"Alibaba US Technology Co., Ltd."
101.78.209.27,403 Forbidden,CN,Central,50635.eu,80,http,50635.eu,http://50635.eu,HKBN Enterprise Solutions HK Limited
45.8.186.188,,CN,Central,45.8.186.188,80,http,,http://45.8.186.188,
103.125.232.118,403 Forbidden,CN,,ky136js1.com,80,http,ky136js1.com,http://ky136js1.com,xTom
20.239.114.187,Just a moment...,CN,Central,flamecases.com,80,http,flamecases.com,http://flamecases.com,MICROSOFT-CORP-MSN-AS-BLOCK
45.8.186.168,,CN,Central,45.8.186.168,80,http,,http://45.8.186.168,
8.218.142.253,,CN,Central,8.218.142.253,80,http,,http://8.218.142.253,"Alibaba US Technology Co., Ltd."
8.218.181.189,,CN,Central,8.218.181.189,80,http,,http://8.218.181.189,"Alibaba US Technology Co., Ltd."
47.243.161.235,,CN,Central,47.243.161.235,80,http,,http://47.243.161.235,"Alibaba US Technology Co., Ltd."
8.218.143.10,,CN,Central,8.218.143.10,80,http,,http://8.218.143.10,"Alibaba US Technology Co., Ltd."
47.242.155.183,,CN,Central,47.242.155.183,80,http,,http://47.242.155.183,"Alibaba US Technology Co., Ltd."
154.92.9.208,,CN,,154.92.9.208,80,http,,http://154.92.9.208,MULTA-ASN1
154.198.214.4,,CN,,154.198.214.4,80,http,,http://154.198.214.4,CNSERVERS
47.57.233.126,,CN,Central,47.57.233.126,80,http,,http://47.57.233.126,"Alibaba US Technology Co., Ltd."
45.194.96.69,,CN,,45.194.96.69,80,http,,http://45.194.96.69,ZEN-ECN
47.57.11.215,,CN,Central,47.57.11.215,80,http,,http://47.57.11.215,"Alibaba US Technology Co., Ltd."
154.92.9.252,,CN,,154.92.9.252,80,http,,http://154.92.9.252,MULTA-ASN1
2.56.91.80,,CN,,2.56.91.80,80,http,,http://2.56.91.80,eServer
154.92.9.8,,CN,,154.92.9.8,80,http,,http://154.92.9.8,MULTA-ASN1
154.92.9.3,,CN,,154.92.9.3,80,http,,http://154.92.9.3,MULTA-ASN1
154.92.9.19,,CN,,154.92.9.19,80,http,,http://154.92.9.19,MULTA-ASN1
154.92.9.212,,CN,,154.92.9.212,80,http,,http://154.92.9.212,MULTA-ASN1
154.92.9.241,,CN,,154.92.9.241,80,http,,http://154.92.9.241,MULTA-ASN1
154.92.9.219,,CN,,154.92.9.219,80,http,,http://154.92.9.219,MULTA-ASN1
154.92.9.124,,CN,,154.92.9.124,80,http,,http://154.92.9.124,MULTA-ASN1
47.242.251.243,403 Forbidden,CN,Central,47.242.251.243,80,http,,http://47.242.251.243,"Alibaba US Technology Co., Ltd."
203.205.239.30,Attention Required! | Cloudflare,CN,Central,dannr.site,80,http,dannr.site,http://dannr.site,"Tencent Building, Kejizhongyi Avenue"
154.92.9.216,,CN,,154.92.9.216,80,http,,http://154.92.9.216,MULTA-ASN1
154.92.9.122,,CN,,154.92.9.122,80,http,,http://154.92.9.122,MULTA-ASN1
154.92.9.77,,CN,,154.92.9.77,80,http,,http://154.92.9.77,MULTA-ASN1
154.92.9.109,,CN,,154.92.9.109,80,http,,http://154.92.9.109,MULTA-ASN1
154.92.9.81,,CN,,154.92.9.81,80,http,,http://154.92.9.81,MULTA-ASN1
154.92.9.101,,CN,,154.92.9.101,80,http,,http://154.92.9.101,MULTA-ASN1
154.92.9.176,,CN,,154.92.9.176,80,http,,http://154.92.9.176,MULTA-ASN1
154.92.9.146,,CN,,154.92.9.146,80,http,,http://154.92.9.146,MULTA-ASN1
154.92.9.155,,CN,,154.92.9.155,80,http,,http://154.92.9.155,MULTA-ASN1
154.92.9.120,,CN,,154.92.9.120,80,http,,http://154.92.9.120,MULTA-ASN1
154.92.9.57,,CN,,154.92.9.57,80,http,,http://154.92.9.57,MULTA-ASN1
45.200.9.118,,CN,,45.200.9.118,80,http,,http://45.200.9.118,PT. Graha Fatta
103.69.129.164,,CN,,103.69.129.164,80,http,,http://103.69.129.164,HOSTHATCH
103.242.2.219,403 Forbidden,CN,,yimengjs008.com,80,http,yimengjs008.com,http://yimengjs008.com,"JINX CO., LIMITED"
163.53.18.162,,CN,,163.53.18.162,80,http,,http://163.53.18.162,Akari Networks
163.53.18.169,,CN,,163.53.18.169,80,http,,http://163.53.18.169,Akari Networks
163.53.18.170,,CN,,163.53.18.170,80,http,,http://163.53.18.170,Akari Networks
163.53.18.164,,CN,,163.53.18.164,80,http,,http://163.53.18.164,Akari Networks
163.53.18.165,,CN,,163.53.18.165,80,http,,http://163.53.18.165,Akari Networks
154.92.9.29,,CN,,154.92.9.29,80,http,,http://154.92.9.29,MULTA-ASN1
167.179.32.53,,CN,Central,167.179.32.53,80,http,,http://167.179.32.53,ARYAKA-ARIN
154.92.9.87,,CN,,154.92.9.87,80,http,,http://154.92.9.87,MULTA-ASN1
154.92.9.227,,CN,,154.92.9.227,80,http,,http://154.92.9.227,MULTA-ASN1
47.243.135.174,,CN,Central,47.243.135.174,80,http,,http://47.243.135.174,"Alibaba US Technology Co., Ltd."
154.92.9.143,,CN,,154.92.9.143,80,http,,http://154.92.9.143,MULTA-ASN1
154.92.9.102,,CN,,154.92.9.102,80,http,,http://154.92.9.102,MULTA-ASN1
154.92.9.58,,CN,,154.92.9.58,80,http,,http://154.92.9.58,MULTA-ASN1
154.92.9.40,,CN,,154.92.9.40,80,http,,http://154.92.9.40,MULTA-ASN1
154.92.9.104,,CN,,154.92.9.104,80,http,,http://154.92.9.104,MULTA-ASN1
154.92.9.178,,CN,,154.92.9.178,80,http,,http://154.92.9.178,MULTA-ASN1
154.92.9.64,,CN,,154.92.9.64,80,http,,http://154.92.9.64,MULTA-ASN1
154.92.9.221,,CN,,154.92.9.221,80,http,,http://154.92.9.221,MULTA-ASN1
154.92.9.103,,CN,,154.92.9.103,80,http,,http://154.92.9.103,MULTA-ASN1
154.92.9.88,,CN,,154.92.9.88,80,http,,http://154.92.9.88,MULTA-ASN1
154.92.9.63,,CN,,154.92.9.63,80,http,,http://154.92.9.63,MULTA-ASN1
154.92.9.166,,CN,,154.92.9.166,80,http,,http://154.92.9.166,MULTA-ASN1
154.92.9.224,,CN,,154.92.9.224,80,http,,http://154.92.9.224,MULTA-ASN1
154.92.9.78,,CN,,154.92.9.78,80,http,,http://154.92.9.78,MULTA-ASN1
154.92.9.114,,CN,,154.92.9.114,80,http,,http://154.92.9.114,MULTA-ASN1
154.92.9.73,,CN,,154.92.9.73,80,http,,http://154.92.9.73,MULTA-ASN1
154.92.9.193,,CN,,154.92.9.193,80,http,,http://154.92.9.193,MULTA-ASN1
154.92.9.118,,CN,,154.92.9.118,80,http,,http://154.92.9.118,MULTA-ASN1
154.92.9.82,,CN,,154.92.9.82,80,http,,http://154.92.9.82,MULTA-ASN1
154.92.9.245,,CN,,154.92.9.245,80,http,,http://154.92.9.245,MULTA-ASN1
154.92.9.140,,CN,,154.92.9.140,80,http,,http://154.92.9.140,MULTA-ASN1
154.92.9.48,,CN,,154.92.9.48,80,http,,http://154.92.9.48,MULTA-ASN1
154.92.9.213,,CN,,154.92.9.213,80,http,,http://154.92.9.213,MULTA-ASN1
154.92.9.151,,CN,,154.92.9.151,80,http,,http://154.92.9.151,MULTA-ASN1
154.92.9.190,,CN,,154.92.9.190,80,http,,http://154.92.9.190,MULTA-ASN1
154.92.9.13,,CN,,154.92.9.13,80,http,,http://154.92.9.13,MULTA-ASN1
154.92.9.39,,CN,,154.92.9.39,80,http,,http://154.92.9.39,MULTA-ASN1
210.3.205.142,,CN,Central,210.3.205.142,80,http,,http://210.3.205.142,HGC Global Communications Limited
154.92.9.218,,CN,,154.92.9.218,80,http,,http://154.92.9.218,MULTA-ASN1
154.92.9.144,,CN,,154.92.9.144,80,http,,http://154.92.9.144,MULTA-ASN1
154.92.9.217,,CN,,154.92.9.217,80,http,,http://154.92.9.217,MULTA-ASN1
163.181.78.72,,CN,Central,163.181.78.72,80,http,,http://163.181.78.72,"Zhejiang Taobao Network Co.,Ltd"
154.92.9.23,,CN,,154.92.9.23,80,http,,http://154.92.9.23,MULTA-ASN1
154.92.9.31,,CN,,154.92.9.31,80,http,,http://154.92.9.31,MULTA-ASN1
154.92.9.187,,CN,,154.92.9.187,80,http,,http://154.92.9.187,MULTA-ASN1
8.212.44.216,,CN,Central,8.212.44.216,80,http,,http://8.212.44.216,"Alibaba US Technology Co., Ltd."
154.92.9.159,,CN,,154.92.9.159,80,http,,http://154.92.9.159,MULTA-ASN1
154.92.9.177,,CN,,154.92.9.177,80,http,,http://154.92.9.177,MULTA-ASN1
156.234.127.106,Attention Required! | Cloudflare,CN,Central,www.adultpayperview.com,80,http,adultpayperview.com,http://www.adultpayperview.com,CNSERVERS
103.242.2.219,,CN,,yimengjs001.com,80,http,yimengjs001.com,http://yimengjs001.com,"JINX CO., LIMITED"
152.32.239.228,,CN,Central,152.32.239.228,80,http,,http://152.32.239.228,UCLOUD INFORMATION TECHNOLOGY HK LIMITED
154.92.9.210,,CN,,154.92.9.210,80,http,,http://154.92.9.210,MULTA-ASN1
156.234.127.105,DNS points to prohibited IP | survey.mg.netcredit.pl | Cloudflare,CN,Central,survey.mg.netcredit.pl,80,http,netcredit.pl,http://survey.mg.netcredit.pl,CNSERVERS
23.74.15.250,403 Forbidden,CN,Central,goenergetix-1.azureedge.net,80,http,azureedge.net,http://goenergetix-1.azureedge.net,Akamai International B.V.
20.239.31.211,,CN,Central,20.239.31.211,80,http,,http://20.239.31.211,MICROSOFT-CORP-MSN-AS-BLOCK
47.243.86.79,,CN,Central,47.243.86.79,80,http,,http://47.243.86.79,"Alibaba US Technology Co., Ltd."
47.57.14.118,,CN,Central,47.57.14.118,80,http,,http://47.57.14.118,"Alibaba US Technology Co., Ltd."
8.210.117.18,,CN,,8.210.117.18,80,http,,http://8.210.117.18,"Alibaba US Technology Co., Ltd."
8.210.55.134,,CN,,8.210.55.134,80,http,,http://8.210.55.134,"Alibaba US Technology Co., Ltd."
163.53.18.161,,CN,,163.53.18.161,80,http,,http://163.53.18.161,Akari Networks
20.205.11.235,,CN,Central,20.205.11.235,80,http,,http://20.205.11.235,MICROSOFT-CORP-MSN-AS-BLOCK
47.242.174.27,,CN,Central,47.242.174.27,80,http,,http://47.242.174.27,"Alibaba US Technology Co., Ltd."
47.57.245.232,,CN,Central,47.57.245.232,80,http,,http://47.57.245.232,"Alibaba US Technology Co., Ltd."
20.187.253.207,,CN,Central,20.187.253.207,80,http,,http://20.187.253.207,MICROSOFT-CORP-MSN-AS-BLOCK
163.181.97.72,,CN,Central,163.181.97.72,80,http,,http://163.181.97.72,"Zhejiang Taobao Network Co.,Ltd"
47.57.14.1,,CN,Central,47.57.14.1,80,http,,http://47.57.14.1,"Alibaba US Technology Co., Ltd."
163.53.18.163,,CN,,163.53.18.163,80,http,,http://163.53.18.163,Akari Networks
163.181.34.42,,CN,,163.181.34.42,80,http,,http://163.181.34.42,"Zhejiang Taobao Network Co.,Ltd"
35.220.174.162,403 Forbidden,CN,Central,www.ky136js.com,80,http,ky136js.com,http://www.ky136js.com,GOOGLE-CLOUD-PLATFORM
35.220.174.162,403 Forbidden,CN,Central,ky136js.com,80,http,ky136js.com,http://ky136js.com,GOOGLE-CLOUD-PLATFORM
154.92.9.80,,CN,,154.92.9.80,80,http,,http://154.92.9.80,MULTA-ASN1
47.57.0.176,,CN,Central,47.57.0.176,80,http,,http://47.57.0.176,"Alibaba US Technology Co., Ltd."
154.92.9.231,,CN,,154.92.9.231,80,http,,http://154.92.9.231,MULTA-ASN1
154.92.9.230,,CN,,154.92.9.230,80,http,,http://154.92.9.230,MULTA-ASN1
154.92.9.253,,CN,,154.92.9.253,80,http,,http://154.92.9.253,MULTA-ASN1
154.92.9.203,,CN,,154.92.9.203,80,http,,http://154.92.9.203,MULTA-ASN1
154.92.9.142,,CN,,154.92.9.142,80,http,,http://154.92.9.142,MULTA-ASN1
154.92.9.169,,CN,,154.92.9.169,80,http,,http://154.92.9.169,MULTA-ASN1
154.92.9.33,,CN,,154.92.9.33,80,http,,http://154.92.9.33,MULTA-ASN1
154.92.9.98,,CN,,154.92.9.98,80,http,,http://154.92.9.98,MULTA-ASN1
154.92.9.156,,CN,,154.92.9.156,80,http,,http://154.92.9.156,MULTA-ASN1
154.92.9.133,,CN,,154.92.9.133,80,http,,http://154.92.9.133,MULTA-ASN1
154.92.9.234,,CN,,154.92.9.234,80,http,,http://154.92.9.234,MULTA-ASN1
154.92.9.121,,CN,,154.92.9.121,80,http,,http://154.92.9.121,MULTA-ASN1
154.92.9.75,,CN,,154.92.9.75,80,http,,http://154.92.9.75,MULTA-ASN1
154.92.9.152,,CN,,154.92.9.152,80,http,,http://154.92.9.152,MULTA-ASN1
154.92.9.214,,CN,,154.92.9.214,80,http,,http://154.92.9.214,MULTA-ASN1
154.92.9.76,,CN,,154.92.9.76,80,http,,http://154.92.9.76,MULTA-ASN1
154.92.9.53,,CN,,154.92.9.53,80,http,,http://154.92.9.53,MULTA-ASN1
154.92.9.136,,CN,,154.92.9.136,80,http,,http://154.92.9.136,MULTA-ASN1
154.92.9.84,,CN,,154.92.9.84,80,http,,http://154.92.9.84,MULTA-ASN1
154.92.9.83,,CN,,154.92.9.83,80,http,,http://154.92.9.83,MULTA-ASN1
154.92.9.113,,CN,,154.92.9.113,80,http,,http://154.92.9.113,MULTA-ASN1
154.92.9.205,,CN,,154.92.9.205,80,http,,http://154.92.9.205,MULTA-ASN1
154.92.9.115,,CN,,154.92.9.115,80,http,,http://154.92.9.115,MULTA-ASN1
154.92.9.138,,CN,,154.92.9.138,80,http,,http://154.92.9.138,MULTA-ASN1
154.92.9.163,,CN,,154.92.9.163,80,http,,http://154.92.9.163,MULTA-ASN1
154.92.9.160,,CN,,154.92.9.160,80,http,,http://154.92.9.160,MULTA-ASN1
154.92.9.43,,CN,,154.92.9.43,80,http,,http://154.92.9.43,MULTA-ASN1
154.92.9.52,,CN,,154.92.9.52,80,http,,http://154.92.9.52,MULTA-ASN1
154.92.9.119,,CN,,154.92.9.119,80,http,,http://154.92.9.119,MULTA-ASN1
154.92.9.150,,CN,,154.92.9.150,80,http,,http://154.92.9.150,MULTA-ASN1
154.92.9.86,,CN,,154.92.9.86,80,http,,http://154.92.9.86,MULTA-ASN1
154.92.9.34,,CN,,154.92.9.34,80,http,,http://154.92.9.34,MULTA-ASN1
154.92.9.100,,CN,,154.92.9.100,80,http,,http://154.92.9.100,MULTA-ASN1
154.92.9.59,,CN,,154.92.9.59,80,http,,http://154.92.9.59,MULTA-ASN1
154.92.9.201,,CN,,154.92.9.201,80,http,,http://154.92.9.201,MULTA-ASN1
154.92.9.56,,CN,,154.92.9.56,80,http,,http://154.92.9.56,MULTA-ASN1
154.92.9.45,,CN,,154.92.9.45,80,http,,http://154.92.9.45,MULTA-ASN1
154.92.9.36,,CN,,154.92.9.36,80,http,,http://154.92.9.36,MULTA-ASN1
154.92.9.247,,CN,,154.92.9.247,80,http,,http://154.92.9.247,MULTA-ASN1
154.92.9.85,,CN,,154.92.9.85,80,http,,http://154.92.9.85,MULTA-ASN1
154.92.9.153,,CN,,154.92.9.153,80,http,,http://154.92.9.153,MULTA-ASN1
154.92.9.123,,CN,,154.92.9.123,80,http,,http://154.92.9.123,MULTA-ASN1
154.92.9.90,,CN,,154.92.9.90,80,http,,http://154.92.9.90,MULTA-ASN1
154.92.9.129,,CN,,154.92.9.129,80,http,,http://154.92.9.129,MULTA-ASN1
154.92.9.197,,CN,,154.92.9.197,80,http,,http://154.92.9.197,MULTA-ASN1
154.92.9.99,,CN,,154.92.9.99,80,http,,http://154.92.9.99,MULTA-ASN1
154.92.9.141,,CN,,154.92.9.141,80,http,,http://154.92.9.141,MULTA-ASN1
154.92.9.215,,CN,,154.92.9.215,80,http,,http://154.92.9.215,MULTA-ASN1
154.92.9.174,,CN,,154.92.9.174,80,http,,http://154.92.9.174,MULTA-ASN1
154.92.9.47,,CN,,154.92.9.47,80,http,,http://154.92.9.47,MULTA-ASN1
154.92.9.179,,CN,,154.92.9.179,80,http,,http://154.92.9.179,MULTA-ASN1
154.92.9.70,,CN,,154.92.9.70,80,http,,http://154.92.9.70,MULTA-ASN1
154.92.9.182,,CN,,154.92.9.182,80,http,,http://154.92.9.182,MULTA-ASN1
154.92.9.96,,CN,,154.92.9.96,80,http,,http://154.92.9.96,MULTA-ASN1
154.92.9.60,,CN,,154.92.9.60,80,http,,http://154.92.9.60,MULTA-ASN1
154.92.9.135,,CN,,154.92.9.135,80,http,,http://154.92.9.135,MULTA-ASN1
154.92.9.79,,CN,,154.92.9.79,80,http,,http://154.92.9.79,MULTA-ASN1
154.92.9.61,,CN,,154.92.9.61,80,http,,http://154.92.9.61,MULTA-ASN1
154.92.9.105,,CN,,154.92.9.105,80,http,,http://154.92.9.105,MULTA-ASN1
154.92.9.112,,CN,,154.92.9.112,80,http,,http://154.92.9.112,MULTA-ASN1
154.92.9.55,,CN,,154.92.9.55,80,http,,http://154.92.9.55,MULTA-ASN1
154.92.9.125,,CN,,154.92.9.125,80,http,,http://154.92.9.125,MULTA-ASN1
154.92.9.46,,CN,,154.92.9.46,80,http,,http://154.92.9.46,MULTA-ASN1
154.92.9.92,,CN,,154.92.9.92,80,http,,http://154.92.9.92,MULTA-ASN1
154.92.9.65,,CN,,154.92.9.65,80,http,,http://154.92.9.65,MULTA-ASN1
154.92.9.110,,CN,,154.92.9.110,80,http,,http://154.92.9.110,MULTA-ASN1
154.92.9.41,,CN,,154.92.9.41,80,http,,http://154.92.9.41,MULTA-ASN1
154.92.9.126,,CN,,154.92.9.126,80,http,,http://154.92.9.126,MULTA-ASN1
154.92.9.111,,CN,,154.92.9.111,80,http,,http://154.92.9.111,MULTA-ASN1
154.92.9.149,,CN,,154.92.9.149,80,http,,http://154.92.9.149,MULTA-ASN1
154.92.9.44,,CN,,154.92.9.44,80,http,,http://154.92.9.44,MULTA-ASN1
154.92.9.54,,CN,,154.92.9.54,80,http,,http://154.92.9.54,MULTA-ASN1
154.92.9.117,,CN,,154.92.9.117,80,http,,http://154.92.9.117,MULTA-ASN1
154.92.9.91,,CN,,154.92.9.91,80,http,,http://154.92.9.91,MULTA-ASN1
154.92.9.94,,CN,,154.92.9.94,80,http,,http://154.92.9.94,MULTA-ASN1
154.92.9.106,,CN,,154.92.9.106,80,http,,http://154.92.9.106,MULTA-ASN1
154.92.9.69,,CN,,154.92.9.69,80,http,,http://154.92.9.69,MULTA-ASN1
154.92.9.42,,CN,,154.92.9.42,80,http,,http://154.92.9.42,MULTA-ASN1
154.92.9.211,,CN,,154.92.9.211,80,http,,http://154.92.9.211,MULTA-ASN1
154.92.9.116,,CN,,154.92.9.116,80,http,,http://154.92.9.116,MULTA-ASN1
154.92.9.49,,CN,,154.92.9.49,80,http,,http://154.92.9.49,MULTA-ASN1
154.92.9.37,,CN,,154.92.9.37,80,http,,http://154.92.9.37,MULTA-ASN1
154.92.9.72,,CN,,154.92.9.72,80,http,,http://154.92.9.72,MULTA-ASN1
154.92.9.35,,CN,,154.92.9.35,80,http,,http://154.92.9.35,MULTA-ASN1
154.92.9.51,,CN,,154.92.9.51,80,http,,http://154.92.9.51,MULTA-ASN1
154.92.9.181,,CN,,154.92.9.181,80,http,,http://154.92.9.181,MULTA-ASN1
154.92.9.180,,CN,,154.92.9.180,80,http,,http://154.92.9.180,MULTA-ASN1
154.92.9.74,,CN,,154.92.9.74,80,http,,http://154.92.9.74,MULTA-ASN1
154.92.9.67,,CN,,154.92.9.67,80,http,,http://154.92.9.67,MULTA-ASN1
154.92.9.147,,CN,,154.92.9.147,80,http,,http://154.92.9.147,MULTA-ASN1
154.92.9.71,,CN,,154.92.9.71,80,http,,http://154.92.9.71,MULTA-ASN1
154.92.9.62,,CN,,154.92.9.62,80,http,,http://154.92.9.62,MULTA-ASN1
154.92.9.170,,CN,,154.92.9.170,80,http,,http://154.92.9.170,MULTA-ASN1
154.92.9.127,,CN,,154.92.9.127,80,http,,http://154.92.9.127,MULTA-ASN1
154.92.9.26,,CN,,154.92.9.26,80,http,,http://154.92.9.26,MULTA-ASN1
154.92.9.32,,CN,,154.92.9.32,80,http,,http://154.92.9.32,MULTA-ASN1
43.154.96.33,,CN,Central,43.154.96.33,80,http,,http://43.154.96.33,"Tencent Building, Kejizhongyi Avenue"
154.92.9.11,,CN,,154.92.9.11,80,http,,http://154.92.9.11,MULTA-ASN1
154.92.9.2,,CN,,154.92.9.2,80,http,,http://154.92.9.2,MULTA-ASN1
154.92.9.148,,CN,,154.92.9.148,80,http,,http://154.92.9.148,MULTA-ASN1
154.92.9.175,,CN,,154.92.9.175,80,http,,http://154.92.9.175,MULTA-ASN1
154.92.9.183,,CN,,154.92.9.183,80,http,,http://154.92.9.183,MULTA-ASN1
154.92.9.16,,CN,,154.92.9.16,80,http,,http://154.92.9.16,MULTA-ASN1
154.92.9.1,,CN,,154.92.9.1,80,http,,http://154.92.9.1,MULTA-ASN1
154.92.9.6,,CN,,154.92.9.6,80,http,,http://154.92.9.6,MULTA-ASN1
154.92.9.22,,CN,,154.92.9.22,80,http,,http://154.92.9.22,MULTA-ASN1
154.92.9.0,,CN,,154.92.9.0,80,http,,http://154.92.9.0,MULTA-ASN1
154.92.9.10,,CN,,154.92.9.10,80,http,,http://154.92.9.10,MULTA-ASN1
154.92.9.30,,CN,,154.92.9.30,80,http,,http://154.92.9.30,MULTA-ASN1
154.92.9.4,,CN,,154.92.9.4,80,http,,http://154.92.9.4,MULTA-ASN1
154.92.9.28,,CN,,154.92.9.28,80,http,,http://154.92.9.28,MULTA-ASN1
154.92.9.15,,CN,,154.92.9.15,80,http,,http://154.92.9.15,MULTA-ASN1
154.92.9.18,,CN,,154.92.9.18,80,http,,http://154.92.9.18,MULTA-ASN1
154.92.9.164,,CN,,154.92.9.164,80,http,,http://154.92.9.164,MULTA-ASN1
154.92.9.198,,CN,,154.92.9.198,80,http,,http://154.92.9.198,MULTA-ASN1
154.92.9.108,,CN,,154.92.9.108,80,http,,http://154.92.9.108,MULTA-ASN1
154.92.9.185,,CN,,154.92.9.185,80,http,,http://154.92.9.185,MULTA-ASN1
154.92.9.128,,CN,,154.92.9.128,80,http,,http://154.92.9.128,MULTA-ASN1
154.92.9.225,,CN,,154.92.9.225,80,http,,http://154.92.9.225,MULTA-ASN1
154.92.9.229,,CN,,154.92.9.229,80,http,,http://154.92.9.229,MULTA-ASN1
154.92.9.246,,CN,,154.92.9.246,80,http,,http://154.92.9.246,MULTA-ASN1
154.92.9.184,,CN,,154.92.9.184,80,http,,http://154.92.9.184,MULTA-ASN1
154.92.9.233,,CN,,154.92.9.233,80,http,,http://154.92.9.233,MULTA-ASN1
154.92.9.235,,CN,,154.92.9.235,80,http,,http://154.92.9.235,MULTA-ASN1
154.92.9.236,,CN,,154.92.9.236,80,http,,http://154.92.9.236,MULTA-ASN1
154.92.9.66,,CN,,154.92.9.66,80,http,,http://154.92.9.66,MULTA-ASN1
154.92.9.134,,CN,,154.92.9.134,80,http,,http://154.92.9.134,MULTA-ASN1
154.92.9.238,,CN,,154.92.9.238,80,http,,http://154.92.9.238,MULTA-ASN1
154.92.9.97,,CN,,154.92.9.97,80,http,,http://154.92.9.97,MULTA-ASN1
154.92.9.131,,CN,,154.92.9.131,80,http,,http://154.92.9.131,MULTA-ASN1
154.92.9.223,,CN,,154.92.9.223,80,http,,http://154.92.9.223,MULTA-ASN1
154.92.9.168,,CN,,154.92.9.168,80,http,,http://154.92.9.168,MULTA-ASN1
154.92.9.254,,CN,,154.92.9.254,80,http,,http://154.92.9.254,MULTA-ASN1
154.92.9.145,,CN,,154.92.9.145,80,http,,http://154.92.9.145,MULTA-ASN1
154.92.9.226,,CN,,154.92.9.226,80,http,,http://154.92.9.226,MULTA-ASN1
154.92.9.243,,CN,,154.92.9.243,80,http,,http://154.92.9.243,MULTA-ASN1
154.92.9.161,,CN,,154.92.9.161,80,http,,http://154.92.9.161,MULTA-ASN1
154.92.9.191,,CN,,154.92.9.191,80,http,,http://154.92.9.191,MULTA-ASN1
154.92.9.228,,CN,,154.92.9.228,80,http,,http://154.92.9.228,MULTA-ASN1
154.92.9.171,,CN,,154.92.9.171,80,http,,http://154.92.9.171,MULTA-ASN1
154.92.9.158,,CN,,154.92.9.158,80,http,,http://154.92.9.158,MULTA-ASN1
154.92.9.157,,CN,,154.92.9.157,80,http,,http://154.92.9.157,MULTA-ASN1
154.92.9.200,,CN,,154.92.9.200,80,http,,http://154.92.9.200,MULTA-ASN1
154.92.9.137,,CN,,154.92.9.137,80,http,,http://154.92.9.137,MULTA-ASN1
154.92.9.242,,CN,,154.92.9.242,80,http,,http://154.92.9.242,MULTA-ASN1
154.92.9.232,,CN,,154.92.9.232,80,http,,http://154.92.9.232,MULTA-ASN1
154.92.9.186,,CN,,154.92.9.186,80,http,,http://154.92.9.186,MULTA-ASN1
154.92.9.251,,CN,,154.92.9.251,80,http,,http://154.92.9.251,MULTA-ASN1
154.92.9.162,,CN,,154.92.9.162,80,http,,http://154.92.9.162,MULTA-ASN1
154.92.9.206,,CN,,154.92.9.206,80,http,,http://154.92.9.206,MULTA-ASN1
154.92.9.240,,CN,,154.92.9.240,80,http,,http://154.92.9.240,MULTA-ASN1
154.92.9.139,,CN,,154.92.9.139,80,http,,http://154.92.9.139,MULTA-ASN1
118.99.28.150,403 Forbidden,CN,,www.haopptp.com,80,http,haopptp.com,http://www.haopptp.com,"Forewin Telecom Group Limited, ISP at"
118.99.28.150,403 Forbidden,CN,,3ae31738.fydns2023.com,80,http,fydns2023.com,http://3ae31738.fydns2023.com,"Forewin Telecom Group Limited, ISP at"
8.218.3.12,,CN,Central,8.218.3.12,80,http,,http://8.218.3.12,"Alibaba US Technology Co., Ltd."
8.218.119.115,,CN,Central,8.218.119.115,80,http,,http://8.218.119.115,"Alibaba US Technology Co., Ltd."
2.58.65.198,,CN,Central,2.58.65.198,80,http,,http://2.58.65.198,Kirino LLC
101.32.208.182,,CN,Central,101.32.208.182,80,http,,http://101.32.208.182,"Tencent Building, Kejizhongyi Avenue"
8.210.250.120,,CN,Central,8.210.250.120,80,http,,http://8.210.250.120,"Alibaba US Technology Co., Ltd."
129.226.169.137,403 Forbidden,CN,Central,129.226.169.137,80,http,,http://129.226.169.137,"Tencent Building, Kejizhongyi Avenue"
156.234.127.103,403 Forbidden,CN,Central,ghi.megagat.com,80,http,megagat.com,http://ghi.megagat.com,CNSERVERS
156.234.127.104,DNS points to prohibited IP | live.fifoux.com | Cloudflare,CN,Central,live.fifoux.com,80,http,fifoux.com,http://live.fifoux.com,CNSERVERS
8.210.151.69,,CN,Central,8.210.151.69,80,http,,http://8.210.151.69,"Alibaba US Technology Co., Ltd."
43.154.33.107,,CN,Central,43.154.33.107,80,http,,http://43.154.33.107,"Tencent Building, Kejizhongyi Avenue"
152.32.130.241,,CN,Central,152.32.130.241,80,http,,http://152.32.130.241,UCLOUD INFORMATION TECHNOLOGY HK LIMITED
8.212.49.96,,CN,Central,8.212.49.96,80,http,,http://8.212.49.96,"Alibaba US Technology Co., Ltd."
128.1.159.150,,CN,Central,128.1.159.150,80,http,,http://128.1.159.150,ZEN-ECN
47.243.70.197,,CN,Central,47.243.70.197,80,http,,http://47.243.70.197,"Alibaba US Technology Co., Ltd."
154.23.134.248,,CN,,154.23.134.248,80,http,,http://154.23.134.248,"STARCLOUD GLOBAL PTE., LTD."
43.152.14.32,403 Forbidden,CN,Central,gravatar.bluest.xyz,80,http,bluest.xyz,http://gravatar.bluest.xyz,ACE
103.149.27.6,,CN,Central,c.amzzs.cn,80,http,amzzs.cn,http://c.amzzs.cn,UCLOUD INFORMATION TECHNOLOGY HK LIMITED
45.156.21.211,,CN,,45.156.21.211,80,http,,http://45.156.21.211,Cgi Global Limited
163.53.18.166,,CN,,163.53.18.166,80,http,,http://163.53.18.166,Akari Networks
103.117.100.128,,CN,,103.117.100.128,80,http,,http://103.117.100.128,DMIT
8.218.156.91,,CN,Central,8.218.156.91,80,http,,http://8.218.156.91,"Alibaba US Technology Co., Ltd."
163.53.18.168,,CN,,163.53.18.168,80,http,,http://163.53.18.168,Akari Networks
20.239.13.174,,CN,Central,20.239.13.174,80,http,,http://20.239.13.174,MICROSOFT-CORP-MSN-AS-BLOCK
156.234.127.10,403 Forbidden,CN,Central,files.dosoogle.com,80,http,dosoogle.com,http://files.dosoogle.com,CNSERVERS
43.198.103.160,,CN,,43.198.103.160,80,http,,http://43.198.103.160,AMAZON-02
89.185.28.81,,CN,,89.185.28.81,80,http,,http://89.185.28.81,Hytron Network Services Limited
45.200.8.117,,CN,,45.200.8.117,80,http,,http://45.200.8.117,PT. Graha Fatta
47.243.162.49,,CN,Central,47.243.162.49,80,http,,http://47.243.162.49,"Alibaba US Technology Co., Ltd."
8.218.127.249,,CN,Central,8.218.127.249,80,http,,http://8.218.127.249,"Alibaba US Technology Co., Ltd."
8.217.147.230,,CN,Central,8.217.147.230,80,http,,http://8.217.147.230,"Alibaba US Technology Co., Ltd."
103.200.112.108,,CN,Tseung Kwan O,103.200.112.108,80,http,,http://103.200.112.108,"JINX CO., LIMITED"
8.218.105.223,,CN,Central,8.218.105.223,80,http,,http://8.218.105.223,"Alibaba US Technology Co., Ltd."
8.218.136.25,,CN,Central,8.218.136.25,80,http,,http://8.218.136.25,"Alibaba US Technology Co., Ltd."
20.247.122.7,,CN,Central,ca698671.com,80,http,ca698671.com,http://ca698671.com,MICROSOFT-CORP-MSN-AS-BLOCK
154.23.134.247,,CN,Central,154.23.134.247,80,http,,http://154.23.134.247,"STARCLOUD GLOBAL PTE., LTD."
8.218.89.130,,CN,Central,8.218.89.130,80,http,,http://8.218.89.130,"Alibaba US Technology Co., Ltd."
156.234.127.12,Just a moment...,CN,Central,mail.myseostats.com,80,http,myseostats.com,http://mail.myseostats.com,CNSERVERS
156.234.127.14,,CN,Central,mail.xxxpornvideostube.com,80,http,xxxpornvideostube.com,http://mail.xxxpornvideostube.com,CNSERVERS
156.234.127.4,Just a moment...,CN,Central,mail.misterandmisssex.com,80,http,misterandmisssex.com,http://mail.misterandmisssex.com,CNSERVERS
202.146.220.250,,CN,,202.146.220.250,80,http,,http://202.146.220.250,BGPNET Global ASN
8.218.3.12,DNS points to prohibited IP | www.exacg.tech | Cloudflare,CN,Central,www.exacg.tech,80,http,exacg.tech,http://www.exacg.tech,"Alibaba US Technology Co., Ltd."
156.234.127.90,Forbidden!,CN,Central,webmail.cnyhfma.org,80,http,cnyhfma.org,http://webmail.cnyhfma.org,CNSERVERS
156.234.127.8,403 Forbidden,CN,Central,webmail.candygirls.top,80,http,candygirls.top,http://webmail.candygirls.top,CNSERVERS
45.128.211.6,,CN,,45.128.211.6,80,http,,http://45.128.211.6,Cloudie Limited
156.234.127.90,,CN,Central,webmail.gr66.net,80,http,gr66.net,http://webmail.gr66.net,CNSERVERS
156.234.127.11,403 Forbidden,CN,Central,webmail.234dyy.xyz,80,http,234dyy.xyz,http://webmail.234dyy.xyz,CNSERVERS
156.234.127.91,,CN,Central,wbsubdomain.a.bb.ccc.dddd.036555.com,80,http,036555.com,http://wbsubdomain.a.bb.ccc.dddd.036555.com,CNSERVERS
156.234.127.91,,CN,Central,www.one-go-winner-inc.net,80,http,one-go-winner-inc.net,http://www.one-go-winner-inc.net,CNSERVERS
47.57.6.106,,CN,Central,47.57.6.106,80,http,,http://47.57.6.106,"Alibaba US Technology Co., Ltd."
156.234.127.91,CNAME Cross-User Banned | Cloudflare,CN,Central,what.website.between.132813.com,80,http,132813.com,http://what.website.between.132813.com,CNSERVERS
156.234.127.91,CNAME Cross-User Banned | Cloudflare,CN,Central,what.website.show.132813.com,80,http,132813.com,http://what.website.show.132813.com,CNSERVERS
156.234.127.91,CNAME Cross-User Banned | Cloudflare,CN,Central,what.website.word.132813.com,80,http,132813.com,http://what.website.word.132813.com,CNSERVERS
156.234.127.90,,CN,Central,126ab1.com,80,http,126ab1.com,http://126ab1.com,CNSERVERS
156.234.127.84,CNAME Cross-User Banned | Cloudflare,CN,Central,www.16561144.com,80,http,16561144.com,http://www.16561144.com,CNSERVERS
104.70.235.49,,CN,Central,developpement.fred.cn,80,http,fred.cn,http://developpement.fred.cn,Akamai International B.V.
156.234.127.6,403 Forbidden,CN,Central,dreamsofspanking.com,80,http,dreamsofspanking.com,http://dreamsofspanking.com,CNSERVERS
101.32.208.182,,CN,Central,icatbs.yuedu.click,80,http,yuedu.click,http://icatbs.yuedu.click,"Tencent Building, Kejizhongyi Avenue"
8.218.149.193,,CN,Central,8.218.149.193,80,http,,http://8.218.149.193,"Alibaba US Technology Co., Ltd."
20.255.62.156,Forbidden,CN,Central,20.255.62.156,80,http,,http://20.255.62.156,MICROSOFT-CORP-MSN-AS-BLOCK
154.221.21.36,DNS points to prohibited IP | eigeq3zp.ft01.vip | Cloudflare,CN,,eigeq3zp.ft01.vip,80,http,ft01.vip,http://eigeq3zp.ft01.vip,YISU CLOUD LTD
47.243.241.157,DNS points to prohibited IP | hk1.ip.now.cc | Cloudflare,CN,Central,hk1.ip.now.cc,80,http,now.cc,http://hk1.ip.now.cc,"Alibaba US Technology Co., Ltd."
8.218.138.243,,CN,Central,8.218.138.243,80,http,,http://8.218.138.243,"Alibaba US Technology Co., Ltd."
47.90.109.76,,CN,Central,lehonled.com,80,http,lehonled.com,http://lehonled.com,"Alibaba US Technology Co., Ltd."
34.96.200.148,403 Forbidden,CN,Central,aichaojs009.com,80,http,aichaojs009.com,http://aichaojs009.com,GOOGLE-CLOUD-PLATFORM
34.96.200.148,403 Forbidden,CN,Central,aichaojs000.com,80,http,aichaojs000.com,http://aichaojs000.com,GOOGLE-CLOUD-PLATFORM
34.96.200.148,403 Forbidden,CN,Central,xunaijs009.com,80,http,xunaijs009.com,http://xunaijs009.com,GOOGLE-CLOUD-PLATFORM
43.152.14.30,403 Forbidden,CN,Central,lanandream.xyz,80,http,lanandream.xyz,http://lanandream.xyz,ACE
154.212.147.138,403 Forbidden,CN,,youpuxinxi.xyz,80,http,youpuxinxi.xyz,http://youpuxinxi.xyz,LEMON TELECOMMUNICATIONS LIMITED
43.152.14.29,403 Forbidden,CN,Central,zhouchuanhzi.xyz,80,http,zhouchuanhzi.xyz,http://zhouchuanhzi.xyz,ACE
117.18.13.151,,CN,,117.18.13.151,80,http,,http://117.18.13.151,BGPNET Global ASN
8.212.1.0,,CN,Central,8.212.1.0,80,http,,http://8.212.1.0,"Alibaba US Technology Co., Ltd."
16.163.41.122,,CN,,16.163.41.122,80,http,,http://16.163.41.122,AMAZON-02
8.218.119.115,DNS points to prohibited IP | fandaihk5.210313.xyz | Cloudflare,CN,Central,fandaihk5.210313.xyz,80,http,210313.xyz,http://fandaihk5.210313.xyz,"Alibaba US Technology Co., Ltd."
103.118.244.37,403 Forbidden,CN,Central,g.bocchi.boo,80,http,bocchi.boo,http://g.bocchi.boo,Cloudie Limited
103.135.251.73,,CN,,103.135.251.73,80,http,,http://103.135.251.73,DMIT
8.210.228.47,403 not found,CN,Central,apimanager.org,80,http,apimanager.org,http://apimanager.org,"Alibaba US Technology Co., Ltd."
8.218.64.206,,CN,Central,8.218.64.206,80,http,,http://8.218.64.206,"Alibaba US Technology Co., Ltd."
194.36.209.209,,CN,,194.36.209.209,80,http,,http://194.36.209.209,Cgi Global Limited
47.242.134.160,,CN,Central,47.242.134.160,80,http,,http://47.242.134.160,"Alibaba US Technology Co., Ltd."
8.218.80.52,,CN,Central,8.218.80.52,80,http,,http://8.218.80.52,"Alibaba US Technology Co., Ltd."
8.212.45.19,,CN,Central,8.212.45.19,80,http,,http://8.212.45.19,"Alibaba US Technology Co., Ltd."
47.243.107.181,,CN,Central,47.243.107.181,80,http,,http://47.243.107.181,"Alibaba US Technology Co., Ltd."
62.60.160.81,,CN,,62.60.160.81,80,http,,http://62.60.160.81,Mizban Dadeh Iranian Co. (Ltd)
8.210.222.143,,CN,Central,8.210.222.143,80,http,,http://8.210.222.143,"Alibaba US Technology Co., Ltd."
8.210.228.47,403 not found,CN,Central,8.210.228.47,80,http,,http://8.210.228.47,"Alibaba US Technology Co., Ltd."
8.210.224.112,,CN,Central,8.210.224.112,80,http,,http://8.210.224.112,"Alibaba US Technology Co., Ltd."
8.210.67.150,,CN,Central,8.210.67.150,80,http,,http://8.210.67.150,"Alibaba US Technology Co., Ltd."
47.57.239.80,,CN,Central,47.57.239.80,80,http,,http://47.57.239.80,"Alibaba US Technology Co., Ltd."
38.55.96.168,,CN,,38.55.96.168,80,http,,http://38.55.96.168,VH Global Limited
8.212.53.175,,CN,Central,8.212.53.175,80,http,,http://8.212.53.175,"Alibaba US Technology Co., Ltd."
20.187.88.192,,CN,Central,pan.him.plus,80,http,him.plus,http://pan.him.plus,MICROSOFT-CORP-MSN-AS-BLOCK
8.212.52.95,,CN,Central,8.212.52.95,80,http,,http://8.212.52.95,"Alibaba US Technology Co., Ltd."
23.202.34.26,403 - Forbidden: Access is denied.,CN,Kowloon,dustinweb.azureedge.net,80,http,azureedge.net,http://dustinweb.azureedge.net,Akamai International B.V.
123.203.32.206,,CN,Tuen Mun,123.203.32.206,80,http,,http://123.203.32.206,Hong Kong Broadband Network Ltd.
47.243.171.109,,CN,Central,47.243.171.109,80,http,,http://47.243.171.109,"Alibaba US Technology Co., Ltd."
8.210.174.98,,CN,Central,8.210.174.98,80,http,,http://8.210.174.98,"Alibaba US Technology Co., Ltd."
16.162.88.180,DNS points to prohibited IP | cdn.aisere.com | Cloudflare,CN,,cdn.aisere.com,80,http,aisere.com,http://cdn.aisere.com,AMAZON-02
47.240.6.36,Direct IP access not allowed | Cloudflare,CN,Central,47.240.6.36,80,http,,http://47.240.6.36,"Alibaba US Technology Co., Ltd."
154.221.21.36,,CN,,0-63.xalrl.com,80,http,xalrl.com,http://0-63.xalrl.com,YISU CLOUD LTD
154.221.16.203,,CN,,check-construction-business-credit-rating.xalrl.com,80,http,xalrl.com,http://check-construction-business-credit-rating.xalrl.com,YISU CLOUD LTD
103.145.72.28,Just a moment...,CN,,line.stotik.com,80,http,stotik.com,http://line.stotik.com,"Beijing Baidu Netcom Science and Technology Co., Ltd."
47.242.187.104,DNS points to prohibited IP | www.03f54712c7.k1668.vip | Cloudflare,CN,Central,www.03f54712c7.k1668.vip,80,http,k1668.vip,http://www.03f54712c7.k1668.vip,"Alibaba US Technology Co., Ltd."
156.234.127.5,403 Forbidden,CN,Central,wn.ruinh0121.91p47.com,80,http,91p47.com,http://wn.ruinh0121.91p47.com,CNSERVERS
20.205.106.103,DNS points to prohibited IP | cdn.lovezyj.com | Cloudflare,CN,Central,cdn.lovezyj.com,80,http,lovezyj.com,http://cdn.lovezyj.com,MICROSOFT-CORP-MSN-AS-BLOCK
46.149.192.158,403 Forbidden,CN,,9956385.com,80,http,9956385.com,http://9956385.com,Dimension Network & Communication Limited
39.109.122.128,,CN,,m.bityard.com,80,http,bityard.com,http://m.bityard.com,YISU CLOUD LTD
156.234.127.5,403 Forbidden,CN,Central,www.h0901.91p47.com,80,http,91p47.com,http://www.h0901.91p47.com,CNSERVERS
156.234.127.5,403 Forbidden,CN,Central,www.a1015.91p47.com,80,http,91p47.com,http://www.a1015.91p47.com,CNSERVERS
156.234.127.5,403 Forbidden,CN,Central,www.a1016.91p47.com,80,http,91p47.com,http://www.a1016.91p47.com,CNSERVERS
103.73.161.52,,CN,,www.appointments.usdt.com,80,http,usdt.com,http://www.appointments.usdt.com,"High Family Technology Co., Limited"
156.234.127.5,403 Forbidden,CN,Central,www.g9205.91p47.com,80,http,91p47.com,http://www.g9205.91p47.com,CNSERVERS
156.234.127.5,403 Forbidden,CN,Central,www.92.91p47.com,80,http,91p47.com,http://www.92.91p47.com,CNSERVERS
156.234.127.5,403 Forbidden,CN,Central,www.wh0118.91p47.com,80,http,91p47.com,http://www.wh0118.91p47.com,CNSERVERS
156.234.127.5,403 Forbidden,CN,Central,www.h120.91p47.com,80,http,91p47.com,http://www.h120.91p47.com,CNSERVERS
101.32.208.182,,CN,Central,ce.5ip.cc,80,http,5ip.cc,http://ce.5ip.cc,"Tencent Building, Kejizhongyi Avenue"
156.234.127.5,403 Forbidden,CN,Central,www.g1011.91p47.com,80,http,91p47.com,http://www.g1011.91p47.com,CNSERVERS
156.234.127.5,403 Forbidden,CN,Central,www.ho121.91p47.com,80,http,91p47.com,http://www.ho121.91p47.com,CNSERVERS
156.234.127.6,403 Forbidden,CN,Central,img.asiantubex.com,80,http,asiantubex.com,http://img.asiantubex.com,CNSERVERS
129.226.169.137,403 Forbidden,CN,Central,qkl.youxijs.com,80,http,youxijs.com,http://qkl.youxijs.com,"Tencent Building, Kejizhongyi Avenue"
156.234.127.2,CNAME Cross-User Banned | Cloudflare,CN,Central,bbs.cjppip.com,80,http,cjppip.com,http://bbs.cjppip.com,CNSERVERS
156.234.127.10,,CN,Central,gay-qa.aebn.com,80,http,aebn.com,http://gay-qa.aebn.com,CNSERVERS
156.234.127.14,403 Forbidden,CN,Central,mno.sugaryo2.com,80,http,sugaryo2.com,http://mno.sugaryo2.com,CNSERVERS
156.234.127.5,,CN,Central,mysql.18boybeauty.com,80,http,18boybeauty.com,http://mysql.18boybeauty.com,CNSERVERS
8.218.122.109,,CN,Central,8.218.122.109,80,http,,http://8.218.122.109,"Alibaba US Technology Co., Ltd."
45.40.59.121,,CN,Central,45.40.59.121,80,http,,http://45.40.59.121,ZEN-ECN
156.234.127.2,CNAME Cross-User Banned | Cloudflare,CN,Central,aea3176d-1243-4bed-94f6-cf7c58df2b1f.cjppip.com,80,http,cjppip.com,http://aea3176d-1243-4bed-94f6-cf7c58df2b1f.cjppip.com,CNSERVERS
156.234.127.14,,CN,Central,www.motv.app,80,http,motv.app,http://www.motv.app,CNSERVERS
118.193.40.202,403 - Forbidden: Access is denied.,CN,Central,cdnwapi.gb688.com,80,http,gb688.com,http://cdnwapi.gb688.com,UCLOUD INFORMATION TECHNOLOGY HK LIMITED
159.138.20.20,403 Forbidden,CN,Central,wwwm.mftoon.com,80,http,mftoon.com,http://wwwm.mftoon.com,HUAWEI CLOUDS
103.97.176.73,,CN,,www.apps.usdt.com,80,http,usdt.com,http://www.apps.usdt.com,"High Family Technology Co., Limited"
103.214.168.106,,CN,,yona.okcoinkr.com,80,http,okcoinkr.com,http://yona.okcoinkr.com,
43.152.14.32,403 Forbidden,CN,Central,ccdmpy.com,80,http,ccdmpy.com,http://ccdmpy.com,ACE
156.234.127.8,403 Forbidden,CN,Central,mail2.privatevideo.top,80,http,privatevideo.top,http://mail2.privatevideo.top,CNSERVERS
129.226.169.137,403 Forbidden,CN,Central,game.youxijs.com,80,http,youxijs.com,http://game.youxijs.com,"Tencent Building, Kejizhongyi Avenue"
156.234.127.8," 403 Forbidden",CN,Central,produits.inside19.com,80,http,inside19.com,http://produits.inside19.com,CNSERVERS
156.234.127.8," 403 Forbidden",CN,Central,xiu.inside19.com,80,http,inside19.com,http://xiu.inside19.com,CNSERVERS
156.234.127.8," 403 Forbidden",CN,Central,xizang.inside19.com,80,http,inside19.com,http://xizang.inside19.com,CNSERVERS
156.234.127.8," 403 Forbidden",CN,Central,yy.inside19.com,80,http,inside19.com,http://yy.inside19.com,CNSERVERS
156.234.127.8," 403 Forbidden",CN,Central,soft.inside19.com,80,http,inside19.com,http://soft.inside19.com,CNSERVERS
156.234.127.7,403 Forbidden,CN,Central,images.blueporn.pro,80,http,blueporn.pro,http://images.blueporn.pro,CNSERVERS
156.234.127.11,403 Forbidden,CN,Central,jkl.firempeg.com,80,http,firempeg.com,http://jkl.firempeg.com,CNSERVERS
156.234.127.5,403 Forbidden,CN,Central,www.0324.91p47.com,80,http,91p47.com,http://www.0324.91p47.com,CNSERVERS
156.234.127.5,403 Forbidden,CN,Central,ia0.91p47.com,80,http,91p47.com,http://ia0.91p47.com,CNSERVERS
47.242.184.128,,CN,Central,47.242.184.128,80,http,,http://47.242.184.128,"Alibaba US Technology Co., Ltd."
156.234.127.5,403 Forbidden,CN,Central,httg1015.91p47.com,80,http,91p47.com,http://httg1015.91p47.com,CNSERVERS
8.218.125.49,,CN,Central,8.218.125.49,80,http,,http://8.218.125.49,"Alibaba US Technology Co., Ltd."
156.234.127.5,403 Forbidden,CN,Central,www.wpro0122.91p47.com,80,http,91p47.com,http://www.wpro0122.91p47.com,CNSERVERS
47.91.170.222,,CN,Central,bmjm6iis.nn69q.cn,80,http,nn69q.cn,http://bmjm6iis.nn69q.cn,"Alibaba US Technology Co., Ltd."
128.14.67.27,,CN,,128.14.67.27,80,http,,http://128.14.67.27,ZEN-ECN
45.77.21.36,,CN,,45.77.21.36,80,http,,http://45.77.21.36,AS-CHOOPA
103.127.83.168,403 Forbidden,CN,,271014.com,80,http,271014.com,http://271014.com,Hong Kong FireLine Network LTD
103.127.83.168,403 Forbidden,CN,,082159.com,80,http,082159.com,http://082159.com,Hong Kong FireLine Network LTD
43.229.154.170,,CN,,43.229.154.170,80,http,,http://43.229.154.170,Akari Networks
43.229.154.161,,CN,,43.229.154.161,80,http,,http://43.229.154.161,Akari Networks
43.229.154.168,,CN,,43.229.154.168,80,http,,http://43.229.154.168,Akari Networks
43.229.154.163,,CN,,43.229.154.163,80,http,,http://43.229.154.163,Akari Networks
47.57.2.202,,CN,Central,47.57.2.202,80,http,,http://47.57.2.202,"Alibaba US Technology Co., Ltd."
23.41.68.241,Access denied,CN,Central,expediah1.2015edgedemos.com,80,http,2015edgedemos.com,http://expediah1.2015edgedemos.com,AKAMAI-AS
156.241.135.86,,CN,,156.241.135.86,80,http,,http://156.241.135.86,HanMing HK Limited
20.187.121.226,,CN,Central,jc18713.com,80,http,jc18713.com,http://jc18713.com,MICROSOFT-CORP-MSN-AS-BLOCK
34.92.171.202,403 Forbidden,CN,Central,34.92.171.202,80,http,,http://34.92.171.202,GOOGLE-CLOUD-PLATFORM
156.59.152.207,,CN,Central,156.59.152.207,80,http,,http://156.59.152.207,ZEN-ECN
43.132.244.112,,CN,Central,43.132.244.112,80,http,,http://43.132.244.112,"Tencent Building, Kejizhongyi Avenue"
156.59.152.236,,CN,Central,156.59.152.236,80,http,,http://156.59.152.236,ZEN-ECN
8.218.160.16,,CN,Central,8.218.160.16,80,http,,http://8.218.160.16,"Alibaba US Technology Co., Ltd."
8.210.36.163,,CN,Central,8.210.36.163,80,http,,http://8.210.36.163,"Alibaba US Technology Co., Ltd."
8.212.4.59,,CN,Central,8.212.4.59,80,http,,http://8.212.4.59,"Alibaba US Technology Co., Ltd."
8.218.43.249,,CN,Central,8.218.43.249,80,http,,http://8.218.43.249,"Alibaba US Technology Co., Ltd."
47.56.210.47,Direct IP access not allowed | Cloudflare,CN,Central,47.56.210.47,80,http,,http://47.56.210.47,"Alibaba US Technology Co., Ltd."
123.203.35.189,,CN,Central,123.203.35.189,80,http,,http://123.203.35.189,Hong Kong Broadband Network Ltd.
103.127.83.136,403 Forbidden,CN,,81951.org,80,http,81951.org,http://81951.org,Hong Kong FireLine Network LTD
45.207.10.96,403 Forbidden,CN,,34337.org,80,http,34337.org,http://34337.org,"Hong Kong Communications International Co., Limited"
103.127.83.136,403 Forbidden,CN,,34442.org,80,http,34442.org,http://34442.org,Hong Kong FireLine Network LTD
45.207.10.96,403 Forbidden,CN,,67659.org,80,http,67659.org,http://67659.org,"Hong Kong Communications International Co., Limited"
103.127.83.136,403 Forbidden,CN,,85791.org,80,http,85791.org,http://85791.org,Hong Kong FireLine Network LTD
103.127.83.136,403 Forbidden,CN,,35343.org,80,http,35343.org,http://35343.org,Hong Kong FireLine Network LTD
103.127.83.136,403 Forbidden,CN,,58238.org,80,http,58238.org,http://58238.org,Hong Kong FireLine Network LTD
8.210.86.247,,CN,Central,8.210.86.247,80,http,,http://8.210.86.247,"Alibaba US Technology Co., Ltd."
8.212.44.248,,CN,Central,8.212.44.248,80,http,,http://8.212.44.248,"Alibaba US Technology Co., Ltd."
47.242.165.134,,CN,Central,47.242.165.134,80,http,,http://47.242.165.134,"Alibaba US Technology Co., Ltd."
8.210.235.65,,CN,Central,8.210.235.65,80,http,,http://8.210.235.65,"Alibaba US Technology Co., Ltd."
8.218.124.63,,CN,Central,8.218.124.63,80,http,,http://8.218.124.63,"Alibaba US Technology Co., Ltd."
47.243.121.124,,CN,Central,47.243.121.124,80,http,,http://47.243.121.124,"Alibaba US Technology Co., Ltd."
94.74.102.87,,CN,Central,94.74.102.87,80,http,,http://94.74.102.87,HUAWEI CLOUDS
103.30.51.58,,CN,,103.30.51.58,80,http,,http://103.30.51.58,China Broadband Communications Hong Kong Company Limited
8.212.22.18,,CN,Central,8.212.22.18,80,http,,http://8.212.22.18,"Alibaba US Technology Co., Ltd."
8.218.8.205,,CN,Central,8.218.8.205,80,http,,http://8.218.8.205,"Alibaba US Technology Co., Ltd."
8.218.68.183,,CN,Central,8.218.68.183,80,http,,http://8.218.68.183,"Alibaba US Technology Co., Ltd."
154.91.149.205,,CN,,154.91.149.205,80,http,,http://154.91.149.205,CNSERVERS
47.243.132.206,,CN,Central,47.243.132.206,80,http,,http://47.243.132.206,"Alibaba US Technology Co., Ltd."
103.149.249.45,,CN,Central,103.149.249.45,80,http,,http://103.149.249.45,Kirino LLC
47.242.44.57,,CN,Central,47.242.44.57,80,http,,http://47.242.44.57,"Alibaba US Technology Co., Ltd."
20.24.194.235,Direct IP access not allowed | Cloudflare,CN,Central,20.24.194.235,80,http,,http://20.24.194.235,MICROSOFT-CORP-MSN-AS-BLOCK
103.149.249.46,,CN,Central,103.149.249.46,80,http,,http://103.149.249.46,Kirino LLC
8.210.203.69,,CN,Central,8.210.203.69,80,http,,http://8.210.203.69,"Alibaba US Technology Co., Ltd."
47.242.28.250,,CN,Central,47.242.28.250,80,http,,http://47.242.28.250,"Alibaba US Technology Co., Ltd."
8.210.159.196,,CN,Central,8.210.159.196,80,http,,http://8.210.159.196,"Alibaba US Technology Co., Ltd."
47.243.245.195,,CN,Central,47.243.245.195,80,http,,http://47.243.245.195,"Alibaba US Technology Co., Ltd."
47.243.34.209,,CN,Central,47.243.34.209,80,http,,http://47.243.34.209,"Alibaba US Technology Co., Ltd."
47.243.42.246,,CN,Central,47.243.42.246,80,http,,http://47.243.42.246,"Alibaba US Technology Co., Ltd."
47.242.164.3,,CN,Central,47.242.164.3,80,http,,http://47.242.164.3,"Alibaba US Technology Co., Ltd."
47.243.241.50,,CN,Central,47.243.241.50,80,http,,http://47.243.241.50,"Alibaba US Technology Co., Ltd."
8.210.223.212,,CN,Central,8.210.223.212,80,http,,http://8.210.223.212,"Alibaba US Technology Co., Ltd."
184.87.174.226,,CN,Kowloon,184.87.174.226,80,http,,http://184.87.174.226,Akamai International B.V.
47.243.59.114,,CN,Central,47.243.59.114,80,http,,http://47.243.59.114,"Alibaba US Technology Co., Ltd."
8.210.121.16,,CN,Central,8.210.121.16,80,http,,http://8.210.121.16,"Alibaba US Technology Co., Ltd."
8.210.154.29,,CN,Central,8.210.154.29,80,http,,http://8.210.154.29,"Alibaba US Technology Co., Ltd."
8.210.107.143,,CN,Central,8.210.107.143,80,http,,http://8.210.107.143,"Alibaba US Technology Co., Ltd."
47.242.176.62,,CN,Central,47.242.176.62,80,http,,http://47.242.176.62,"Alibaba US Technology Co., Ltd."
47.242.176.195,,CN,Central,47.242.176.195,80,http,,http://47.242.176.195,"Alibaba US Technology Co., Ltd."
8.210.220.209,,CN,Central,8.210.220.209,80,http,,http://8.210.220.209,"Alibaba US Technology Co., Ltd."
118.193.33.186,,CN,Central,118.193.33.186,80,http,,http://118.193.33.186,UCLOUD INFORMATION TECHNOLOGY HK LIMITED
47.242.184.162,,CN,Central,47.242.184.162,80,http,,http://47.242.184.162,"Alibaba US Technology Co., Ltd."
8.210.169.222,,CN,Central,8.210.169.222,80,http,,http://8.210.169.222,"Alibaba US Technology Co., Ltd."
47.242.57.202,,CN,Central,47.242.57.202,80,http,,http://47.242.57.202,"Alibaba US Technology Co., Ltd."
47.242.182.84,,CN,Central,47.242.182.84,80,http,,http://47.242.182.84,"Alibaba US Technology Co., Ltd."
47.243.120.205,,CN,Central,47.243.120.205,80,http,,http://47.243.120.205,"Alibaba US Technology Co., Ltd."
8.210.100.183,,CN,Central,8.210.100.183,80,http,,http://8.210.100.183,"Alibaba US Technology Co., Ltd."
8.210.159.196,403 Forbidden,CN,Central,cf.qige008.ml,80,http,qige008.ml,http://cf.qige008.ml,"Alibaba US Technology Co., Ltd."
47.243.200.174,,CN,Central,47.243.200.174,80,http,,http://47.243.200.174,"Alibaba US Technology Co., Ltd."
8.210.167.142,,CN,Central,8.210.167.142,80,http,,http://8.210.167.142,"Alibaba US Technology Co., Ltd."
8.210.201.106,,CN,Central,8.210.201.106,80,http,,http://8.210.201.106,"Alibaba US Technology Co., Ltd."
8.210.167.155,,CN,Central,8.210.167.155,80,http,,http://8.210.167.155,"Alibaba US Technology Co., Ltd."
47.242.60.165,,CN,Central,47.242.60.165,80,http,,http://47.242.60.165,"Alibaba US Technology Co., Ltd."
103.149.249.47,,CN,Central,103.149.249.47,80,http,,http://103.149.249.47,Kirino LLC
47.242.73.70,,CN,Central,47.242.73.70,80,http,,http://47.242.73.70,"Alibaba US Technology Co., Ltd."
8.210.198.23,,CN,Central,8.210.198.23,80,http,,http://8.210.198.23,"Alibaba US Technology Co., Ltd."
47.242.49.251,,CN,Central,47.242.49.251,80,http,,http://47.242.49.251,"Alibaba US Technology Co., Ltd."
23.52.64.226,,CN,Central,23.52.64.226,80,http,,http://23.52.64.226,Akamai International B.V.
8.210.46.213,,CN,Central,8.210.46.213,80,http,,http://8.210.46.213,"Alibaba US Technology Co., Ltd."
47.242.9.152,,CN,Central,47.242.9.152,80,http,,http://47.242.9.152,"Alibaba US Technology Co., Ltd."
23.217.206.226,,CN,Central,23.217.206.226,80,http,,http://23.217.206.226,Akamai International B.V.
8.210.168.230,,CN,Central,8.210.168.230,80,http,,http://8.210.168.230,"Alibaba US Technology Co., Ltd."
47.57.7.18,,CN,Central,47.57.7.18,80,http,,http://47.57.7.18,"Alibaba US Technology Co., Ltd."
47.243.85.118,,CN,Central,47.243.85.118,80,http,,http://47.243.85.118,"Alibaba US Technology Co., Ltd."
8.210.97.237,,CN,Central,8.210.97.237,80,http,,http://8.210.97.237,"Alibaba US Technology Co., Ltd."
124.156.143.241,,CN,Central,124.156.143.241,80,http,,http://124.156.143.241,"Tencent Building, Kejizhongyi Avenue"
47.243.18.37,,CN,Central,47.243.18.37,80,http,,http://47.243.18.37,"Alibaba US Technology Co., Ltd."
101.32.33.246,403 Forbidden,CN,Central,101.32.33.246,80,http,,http://101.32.33.246,"Tencent Building, Kejizhongyi Avenue"
47.243.107.216,,CN,Central,47.243.107.216,80,http,,http://47.243.107.216,"Alibaba US Technology Co., Ltd."
47.242.200.82,,CN,Central,47.242.200.82,80,http,,http://47.242.200.82,"Alibaba US Technology Co., Ltd."
8.210.228.118,,CN,Central,8.210.228.118,80,http,,http://8.210.228.118,"Alibaba US Technology Co., Ltd."
47.242.33.130,,CN,Central,47.242.33.130,80,http,,http://47.242.33.130,"Alibaba US Technology Co., Ltd."
47.56.171.184,,CN,Central,47.56.171.184,80,http,,http://47.56.171.184,"Alibaba US Technology Co., Ltd."
47.242.176.178,,CN,Central,47.242.176.178,80,http,,http://47.242.176.178,"Alibaba US Technology Co., Ltd."
47.243.98.19,,CN,Central,47.243.98.19,80,http,,http://47.243.98.19,"Alibaba US Technology Co., Ltd."
47.242.46.62,,CN,Central,47.242.46.62,80,http,,http://47.242.46.62,"Alibaba US Technology Co., Ltd."
125.56.186.226,,CN,Central,125.56.186.226,80,http,,http://125.56.186.226,Akamai International B.V.
47.243.87.92,,CN,Central,47.243.87.92,80,http,,http://47.243.87.92,"Alibaba US Technology Co., Ltd."
47.242.72.32,,CN,Central,47.242.72.32,80,http,,http://47.242.72.32,"Alibaba US Technology Co., Ltd."
47.243.138.49,,CN,Central,47.243.138.49,80,http,,http://47.243.138.49,"Alibaba US Technology Co., Ltd."
47.243.93.200,,CN,Central,47.243.93.200,80,http,,http://47.243.93.200,"Alibaba US Technology Co., Ltd."
8.210.69.76,,CN,Central,8.210.69.76,80,http,,http://8.210.69.76,"Alibaba US Technology Co., Ltd."
47.243.238.93,,CN,Central,47.243.238.93,80,http,,http://47.243.238.93,"Alibaba US Technology Co., Ltd."
8.210.226.157,,CN,Central,8.210.226.157,80,http,,http://8.210.226.157,"Alibaba US Technology Co., Ltd."
8.210.232.170,,CN,Central,8.210.232.170,80,http,,http://8.210.232.170,"Alibaba US Technology Co., Ltd."
47.242.204.28,,CN,Central,47.242.204.28,80,http,,http://47.242.204.28,"Alibaba US Technology Co., Ltd."
8.210.149.67,,CN,Central,8.210.149.67,80,http,,http://8.210.149.67,"Alibaba US Technology Co., Ltd."
8.210.170.1,,CN,Central,8.210.170.1,80,http,,http://8.210.170.1,"Alibaba US Technology Co., Ltd."
47.243.54.166,,CN,Central,47.243.54.166,80,http,,http://47.243.54.166,"Alibaba US Technology Co., Ltd."
8.210.75.146,,CN,Central,8.210.75.146,80,http,,http://8.210.75.146,"Alibaba US Technology Co., Ltd."
47.243.58.7,,CN,Central,47.243.58.7,80,http,,http://47.243.58.7,"Alibaba US Technology Co., Ltd."
47.242.59.248,,CN,Central,47.242.59.248,80,http,,http://47.242.59.248,"Alibaba US Technology Co., Ltd."
47.243.188.40,,CN,Central,47.243.188.40,80,http,,http://47.243.188.40,"Alibaba US Technology Co., Ltd."
47.243.129.28,,CN,Central,47.243.129.28,80,http,,http://47.243.129.28,"Alibaba US Technology Co., Ltd."
8.210.129.83,,CN,Central,8.210.129.83,80,http,,http://8.210.129.83,"Alibaba US Technology Co., Ltd."
47.242.177.122,,CN,Central,47.242.177.122,80,http,,http://47.242.177.122,"Alibaba US Technology Co., Ltd."
47.243.107.51,,CN,Central,47.243.107.51,80,http,,http://47.243.107.51,"Alibaba US Technology Co., Ltd."
47.242.32.64,,CN,Central,47.242.32.64,80,http,,http://47.242.32.64,"Alibaba US Technology Co., Ltd."
8.210.202.6,,CN,Central,8.210.202.6,80,http,,http://8.210.202.6,"Alibaba US Technology Co., Ltd."
43.128.30.102,403 Forbidden,CN,Central,43.128.30.102,80,http,,http://43.128.30.102,"Tencent Building, Kejizhongyi Avenue"
47.243.103.12,,CN,Central,47.243.103.12,80,http,,http://47.243.103.12,"Alibaba US Technology Co., Ltd."
47.242.21.75,,CN,Central,47.242.21.75,80,http,,http://47.242.21.75,"Alibaba US Technology Co., Ltd."
20.187.109.120,,CN,Central,20.187.109.120,80,http,,http://20.187.109.120,MICROSOFT-CORP-MSN-AS-BLOCK
8.210.199.77,,CN,Central,8.210.199.77,80,http,,http://8.210.199.77,"Alibaba US Technology Co., Ltd."
47.243.110.46,,CN,Central,47.243.110.46,80,http,,http://47.243.110.46,"Alibaba US Technology Co., Ltd."
8.210.138.85,,CN,Central,8.210.138.85,80,http,,http://8.210.138.85,"Alibaba US Technology Co., Ltd."
47.243.111.237,,CN,Central,47.243.111.237,80,http,,http://47.243.111.237,"Alibaba US Technology Co., Ltd."
8.210.53.31,,CN,Central,8.210.53.31,80,http,,http://8.210.53.31,"Alibaba US Technology Co., Ltd."
8.210.13.180,,CN,Central,8.210.13.180,80,http,,http://8.210.13.180,"Alibaba US Technology Co., Ltd."
47.242.118.15,,CN,Central,47.242.118.15,80,http,,http://47.242.118.15,"Alibaba US Technology Co., Ltd."
47.242.154.152,,CN,Central,47.242.154.152,80,http,,http://47.242.154.152,"Alibaba US Technology Co., Ltd."
8.210.163.188,,CN,Central,8.210.163.188,80,http,,http://8.210.163.188,"Alibaba US Technology Co., Ltd."
47.242.107.83,,CN,Central,47.242.107.83,80,http,,http://47.242.107.83,"Alibaba US Technology Co., Ltd."
47.242.73.118,,CN,Central,47.242.73.118,80,http,,http://47.242.73.118,"Alibaba US Technology Co., Ltd."
8.210.48.243,,CN,Central,8.210.48.243,80,http,,http://8.210.48.243,"Alibaba US Technology Co., Ltd."
125.56.185.226,,CN,Wanchai,125.56.185.226,80,http,,http://125.56.185.226,Akamai International B.V.
